Platform,Date,Time,Schedule type,Details
LinkedIn,2026-05-18,09:00,,"Stop writing meeting notes like a novelist. 🛑

Your Friday call generated 40 minutes of discussion, but your report only needs three things: decisions made, blockers identified, next steps assigned. That's it.

Most PMs spend 3-4 hours/week turning chaos into clarity. We built Reportify AI to do it in 30 seconds.

Drop your raw notes → get executive-ready Word docs + PPT in one click.

Try it: https://goreportify.com/generate.html
📱 Get the app: https://play.google.com/store/apps/details?id=com.crickettechnology.reportifyai

#Productivity #ProjectManagement #AI #Reporting"
LinkedIn,2026-05-20,09:00,,"I used to spend Friday afternoons doing one thing: formatting.

Bullet points. Font sizes. Margin alignment. The kind of work that makes you wonder if this is really the best use of a PM's brain.

Here's what changed: I stopped treating reports as documents and started treating them as decisions.

Now I dump my messy meeting notes into Reportify AI, and in 30 seconds I get:
• A structured Word report
• A PPT deck ready to present
• An email summary for stakeholders

The format? Done. I focus on the content.

Try it yourself → https://goreportify.com/generate.html
📱 App: https://play.google.com/store/apps/details?id=com.crickettechnology.reportifyai

#ProjectManagement #Productivity #AI #WorkSmarter"
Facebook,2026-05-19,09:00,,"Ever spent 2 hours formatting a report that your manager skimmed in 30 seconds? 🙋‍♂️

You're not alone. Most professionals lose their best creative energy on formatting when they should be focusing on strategy.

Reportify AI turns your scattered meeting notes, Slack threads, and quick thoughts into polished Word reports and PPT decks — in 30 seconds flat.

Think of it as your personal report architect.

👉 Try free: https://goreportify.com/generate.html
📱 Download app: https://play.google.com/store/apps/details?id=com.crickettechnology.reportifyai

#ProductivityHack #AI #ProjectManagement #WorkSmarter"
Facebook,2026-05-22,09:00,,"The best PMs I know have a secret: they don't write reports. They collect decisions.

Here's a simple 3-step framework:

1️⃣ During meetings — capture only: What was decided? Who owns it? What's next?
2️⃣ After meeting — dump everything into Reportify AI (no formatting, no structure needed)
3️⃣ Before EOD — get a clean Word doc + PPT + email summary, ready to send

Stop formatting. Start leading.

Try Reportify free: https://goreportify.com/generate.html
📱 App: https://play.google.com/store/apps/details?id=com.crickettechnology.reportifyai

#PM #Productivity #Leadership #AI"
X,2026-05-19,09:00,,"Still writing weekly reports manually in 2026? 😩

Your raw meeting notes → executive-ready Word docs + PPT in 30s.

Reportify AI does the formatting. You do the thinking.

→ https://goreportify.com/generate.html
#Productivity #AI #PM"
X,2026-05-19,12:00,,"3 signs your report is wasting everyone's time:

1️⃣ You spend more time on formatting than content
2️⃣ Your manager asks 'what's the takeaway?'
3️⃣ You're copying/pasting from last week

Fix it in 30s with Reportify AI → https://goreportify.com/generate.html
#Productivity #ProjectManagement"
X,2026-05-20,09:00,,"Weekly report tip: Skip the intro.

Busy executives skip to three things:
• What changed?
• What's blocked?
• What's next?

Structure your report around answers, not descriptions.

Reportify AI does this automatically → https://goreportify.com/generate.html
#PM #ProductivityTips"
X,2026-05-20,12:00,,"Your meeting notes have more value than you think.

That chaotic Google Doc from today's design sync? It's a goldmine.

One click in Reportify AI turns it into an executive-ready report.

Stop rewriting. Start generating → https://goreportify.com/generate.html
#AI #Productivity"
X,2026-05-21,09:00,,"Hot take: good reports don't have more words — they have better structure.

3 things every professional report needs:
1. Executive summary (3 bullets max)
2. Decisions made (with owners)
3. Next steps (with deadlines)

Reportify AI handles the rest → https://goreportify.com/generate.html
#Productivity #ProjectManagement"
